﻿<?xml version="1.0" encoding="UTF-8" standalone="yes"?>
<addon id="repository.Obliback" version="1.0.1" name="[B][COLOR lime]• Obliback [COLOR red]Repository[/COLOR] [/B] " provider-name="megan">
	<extension point="xbmc.addon.repository" name="Obliback Repository">
		<info compressed="false">https://raw.githubusercontent.com/Neon1478/clsese/master/addons.xml</info>
		<checksum>https://raw.githubusercontent.com/Neon1478/clsese/master/addons.xml.md5</checksum>
		<datadir zip="true">https://github.com/Neon1478/clsese/</datadir>
	</extension>
	<extension point="xbmc.addon.metadata">
		<summary lang="en"></summary>
		<description lang="en">Repository</description>
		<platform>all</platform>
	</extension>
</addon>











